#start,Walk in the woods,,,,
10/04/2015,23:42:28,hello there,30.2553368,-97.83891084,239.5
10/04/2015,23:43:05,hello there,30.25499189,-97.83913958,239
10/04/2015,23:43:15,hello there,30.25469617,-97.83931962,239
10/04/2015,23:43:34,hello there,30.2541537,-97.83977501,239.5
10/04/2015,23:43:46,hello there,30.2539506,-97.84007056,239.5
10/04/2015,23:43:58,hello there,30.25408605,-97.84042344,239.5
10/04/2015,23:44:12,hello there,30.25409687,-97.84091218,239.5
10/04/2015,23:44:39,hello there,30.25441437,-97.84136062,241.9
10/04/2015,23:45:12,hello there,30.25468058,-97.84190049,242.9
10/04/2015,23:45:40,hello there,30.25502592,-97.84257658,244.3
10/04/2015,23:46:04,hello there,30.2553161,-97.84285637,246.2
10/04/2015,23:46:40,hello there,30.25562732,-97.84329977,247.2
10/04/2015,23:46:54,hello there,30.25576579,-97.84372373,247.7
10/04/2015,23:47:26,hello there,30.25602437,-97.8443688,248.6
10/04/2015,23:49:37,hello there,30.25639485,-97.84426947,248.6
10/04/2015,23:50:15,hello there,30.25674991,-97.84409865,250.1
10/04/2015,23:51:59,hello there,30.25742633,-97.84399136,254.4
10/04/2015,23:52:46,hello there,30.25795967,-97.84403738,256.3
10/04/2015,23:53:16,hello there,30.25832386,-97.8438917,257.3
10/04/2015,23:53:46,hello there,30.2585459,-97.84358526,257.8
10/04/2015,23:54:58,hello there,30.25880817,-97.84333305,256.3
10/04/2015,23:56:02,hello there,30.25924009,-97.84268571,251
10/04/2015,23:56:16,hello there,30.25931754,-97.84224994,246.7
10/04/2015,23:56:32,hello there,30.25918963,-97.84162297,246.2
10/04/2015,23:56:46,hello there,30.25890347,-97.84110086,244.3
10/04/2015,23:56:59,hello there,30.2585977,-97.84063709,244.3
10/04/2015,23:57:07,hello there,30.25832353,-97.84042838,240.9
10/04/2015,23:57:29,hello there,30.25751132,-97.8403568,243.8
10/04/2015,23:57:58,hello there,30.2571685,-97.84041681,245.3
10/04/2015,23:58:16,hello there,30.25644263,-97.84040466,242.4
10/04/2015,23:58:26,hello there,30.25598464,-97.84015069,240.5
10/04/2015,23:58:38,hello there,30.25558147,-97.83964467,236.6
10/04/2015,23:58:54,hello there,30.25533295,-97.83904905,236.1
#start,Run around the block,,,,
12/04/2015,hello there,157,30.245576,-97.823843,220.3
12/04/2015,hello there,156,30.246356,-97.823326,220.3
12/04/2015,hello there,153,30.246539,-97.821931,209.7
12/04/2015,hello there,149,30.247105,-97.821064,207.8
12/04/2015,hello there,147,30.247719,-97.820641,205.4
12/04/2015,hello there,143,30.248482,-97.820708,207.3
12/04/2015,hello there,143,30.24915,-97.820722,206.8
#start,Walk in the woods,,,,
,23:04:11,89,30.274002,-97.844719,174.6
,23:05:09,107,30.27426,-97.844316,174.6
,23:05:51,120,30.273787,-97.843643,175.1
,23:06:07,119,30.273475,-97.843277,175.6
,23:06:47,121,30.273733,-97.843605,173.7
,23:07:15,133,30.273675,-97.842975,175.1
,23:08:02,134,30.274052,-97.842084,173.2
,23:09:38,139,30.274537,-97.841653,177
,23:14:50,140,30.274531,-97.841082,172.2
,23:17:58,140,30.274641,-97.840294,174.6
,23:18:16,142,30.274902,-97.839951,175.1
,23:18:43,141,30.275228,-97.839577,174.6
,23:19:25,141,30.275136,-97.839043,174.1
,23:19:58,145,30.275244,-97.838438,174.6
,23:20:36,148,30.275119,-97.837629,175.1
,23:21:15,143,30.274984,-97.837104,174.6
,23:21:55,142,30.274645,-97.837325,176.5
,23:22:31,139,30.274216,-97.836954,178.5
,23:22:49,136,30.274067,-97.836412,178
,23:23:06,142,30.273898,-97.835959,178.5
,23:23:21,148,30.273798,-97.835353,177
,23:23:41,151,30.273329,-97.835439,178.9
,23:24:08,152,30.272751,-97.834934,178
,23:24:20,154,30.272527,-97.834623,178
,23:24:32,150,30.272308,-97.834251,178.9
,23:24:47,149,30.271898,-97.833803,178.9
,23:25:00,146,30.271617,-97.833398,176.5
,23:25:12,150,30.271405,-97.833018,177
,23:25:31,155,30.271261,-97.832363,175.6
,23:31:46,154,30.270754,-97.831695,172.7
,23:32:12,137,30.270315,-97.831443,173.7
,23:34:12,146,30.269917,-97.830832,171.3
,23:35:00,153,30.270063,-97.831207,174.1
#start,Longer run,,,,
21/04/2015,22:04:38,87,30.255525,-97.838675,235.7
21/04/2015,22:04:51,141,30.255945,-97.838526,
21/04/2015,22:05:00,152,30.256315,-97.83832,
21/04/2015,22:05:02,142,30.256409,-97.838319,
21/04/2015,22:05:07,134,30.256622,-97.838232,
21/04/2015,22:05:10,127,30.256738,-97.838154,
21/04/2015,22:05:15,125,30.256902,-97.838081,
21/04/2015,22:05:26,125,30.257215,-97.837766,
21/04/2015,22:05:27,124,30.257247,-97.837733,
21/04/2015,22:05:30,124,30.257328,-97.83762,
21/04/2015,22:05:34,132,30.257429,-97.837456,
21/04/2015,22:05:36,149,30.257458,-97.837392,
21/04/2015,22:05:49,154,30.257746,-97.836929,
21/04/2015,22:05:53,159,30.257825,-97.836747,
21/04/2015,22:06:14,162,30.258333,-97.835764,
21/04/2015,22:06:31,163,30.258703,-97.834978,
21/04/2015,22:06:35,163,30.258793,-97.834811,
21/04/2015,22:06:38,165,30.258844,-97.834667,
21/04/2015,22:07:03,166,30.259259,-97.83373,
21/04/2015,22:07:10,166,30.25942,-97.833469,
21/04/2015,22:07:57,167,30.260166,-97.831783,
21/04/2015,22:08:13,166,30.260453,-97.831248,
21/04/2015,22:08:25,161,30.260682,-97.830805,
21/04/2015,22:08:45,153,30.261003,-97.830117,
21/04/2015,22:08:56,149,30.261224,-97.829809,
21/04/2015,22:09:00,144,30.261291,-97.829639,
21/04/2015,22:09:09,142,30.261488,-97.829233,
21/04/2015,22:09:15,138,30.261697,-97.829048,
21/04/2015,22:09:21,135,30.261886,-97.828882,
21/04/2015,22:09:26,137,30.261894,-97.828636,
21/04/2015,22:09:32,136,30.262,-97.828447,
21/04/2015,22:09:36,138,30.262018,,216
21/04/2015,22:09:46,134,30.262177,,216
21/04/2015,22:09:50,131,30.262281,,216
21/04/2015,22:09:55,132,30.262392,,215
21/04/2015,22:10:15,131,30.262781,,215.5
21/04/2015,22:10:28,132,30.262962,,215
21/04/2015,22:10:40,132,30.263098,,215
21/04/2015,22:10:57,142,30.263104,,215
21/04/2015,22:12:19,142,30.26317,,214.5
21/04/2015,22:12:32,138,30.263299,,211.6
21/04/2015,22:12:42,134,30.26342,,208.3
21/04/2015,22:12:51,130,30.263528,,203.9
21/04/2015,22:12:55,129,30.263558,,202
21/04/2015,22:13:00,132,30.263603,,199.6
21/04/2015,22:13:04,131,30.263659,,197.7
21/04/2015,22:13:12,134,30.263752,,194.8
21/04/2015,22:13:18,133,30.263827,,191.9
21/04/2015,22:13:23,138,30.26388,,188.6
21/04/2015,22:13:24,150,30.263891,,188.6
21/04/2015,22:13:38,151,30.263962,,187.1
21/04/2015,22:13:43,153,30.263998,,184.7
21/04/2015,22:13:59,152,30.264051,,183.7
21/04/2015,22:14:08,144,30.264076,,180.4
21/04/2015,22:14:15,136,30.264058,,179.4
21/04/2015,22:14:29,132,30.26406,,177
21/04/2015,22:14:46,131,30.264086,,177
21/04/2015,22:15:31,130,30.264076,,176.5
21/04/2015,22:16:53,132,30.26404,,176.1
21/04/2015,22:17:12,127,30.264011,,175.6
21/04/2015,22:17:16,151,30.263959,,175.6
21/04/2015,22:17:23,139,30.263818,,175.1
21/04/2015,22:17:35,145,30.263478,,174.6
21/04/2015,22:17:51,141,30.263005,,174.6
21/04/2015,22:18:05,134,30.262878,,174.1
21/04/2015,22:18:29,134,30.262808,,174.1
21/04/2015,22:18:41,132,30.262766,,174.6
21/04/2015,22:18:57,132,,-97.823561,175.6
21/04/2015,22:19:08,132,,-97.823595,174.6
21/04/2015,22:19:12,131,,-97.823628,174.6
21/04/2015,22:19:14,136,,-97.82363,174.1
21/04/2015,22:19:35,136,,-97.823668,175.1
21/04/2015,22:19:52,135,,-97.823659,172.7
21/04/2015,22:20:09,133,,-97.823706,172.7
21/04/2015,22:20:18,130,,-97.823681,173.7
21/04/2015,22:20:26,129,,-97.823725,173.7
21/04/2015,22:20:43,132,,-97.82366,173.7
21/04/2015,22:20:54,129,,-97.82368,173.7
21/04/2015,22:21:06,130,,-97.82372,173.7
21/04/2015,22:21:10,127,,-97.823672,173.2
21/04/2015,22:21:22,130,,-97.823745,174.6
21/04/2015,22:21:38,132,,-97.823824,176.1
21/04/2015,22:21:52,143,,-97.823811,175.6
21/04/2015,22:22:18,143,,-97.823754,175.1
21/04/2015,22:22:43,141,,-97.823685,173.7
21/04/2015,22:22:59,138,,-97.823683,173.7
21/04/2015,22:23:18,135,,-97.823741,174.6
21/04/2015,22:23:36,136,,-97.823794,174.1
21/04/2015,22:24:02,140,,-97.823781,174.1
21/04/2015,22:24:13,136,,-97.823771,174.6
21/04/2015,22:24:30,135,,-97.823785,176.1
21/04/2015,22:24:43,138,,-97.823797,176.1
21/04/2015,22:25:00,137,,-97.823798,176.5
21/04/2015,22:25:17,142,,-97.823796,177
21/04/2015,22:25:29,147,,-97.823788,177
21/04/2015,22:25:46,150,,-97.823835,179.4
21/04/2015,22:26:08,148,,-97.823851,178
21/04/2015,22:26:55,147,,-97.823891,178.9
21/04/2015,22:27:09,147,,-97.823799,177
21/04/2015,22:27:11,145,,-97.823802,178
21/04/2015,22:27:26,139,,-97.823819,178.5
21/04/2015,22:27:42,,30.260449,-97.823831,178.5
21/04/2015,22:27:59,,30.260406,-97.823842,178.5
21/04/2015,22:28:14,,30.260344,-97.823821,178
21/04/2015,22:28:32,,30.260299,-97.823819,177.5
21/04/2015,22:30:02,,30.260212,-97.823815,177.5
21/04/2015,22:30:17,,30.260155,-97.823791,177.5
21/04/2015,22:30:36,,30.260054,-97.823767,177.5
21/04/2015,22:31:04,,30.260107,-97.823776,176.5
21/04/2015,22:31:19,,30.260161,-97.823779,177.5
21/04/2015,22:31:47,,30.260212,-97.823805,178.5
21/04/2015,22:31:59,,30.260205,-97.823815,182.8
21/04/2015,22:32:00,,30.260204,-97.823816,178.9
21/04/2015,22:33:42,,30.260172,-97.82389,179.4
21/04/2015,22:33:49,,30.260186,-97.823879,180.4
21/04/2015,22:34:02,,30.260166,-97.823873,181.8
21/04/2015,22:34:18,,30.260204,-97.823883,182.3
21/04/2015,22:35:04,,30.260187,-97.823954,183.3
21/04/2015,22:35:19,,30.260208,-97.823957,183.3
21/04/2015,22:35:48,,30.260233,-97.823942,184.2
21/04/2015,22:36:15,,30.260231,-97.823945,186.6
21/04/2015,22:36:40,,30.260223,-97.823958,185.2
21/04/2015,22:37:06,,30.260201,-97.823925,186.6
21/04/2015,22:37:35,,30.260154,-97.823905,186.2
21/04/2015,22:37:57,,30.260134,-97.823895,185.2
21/04/2015,22:39:01,,30.260144,-97.823941,185.7
21/04/2015,22:39:45,,30.260131,-97.823902,187.1
21/04/2015,22:40:00,,30.260145,-97.823945,188.6
21/04/2015,22:40:28,,30.260175,-97.823971,188.1
21/04/2015,22:41:37,,30.260181,-97.823989,191
21/04/2015,22:43:20,,30.260234,-97.823977,191.4
21/04/2015,22:43:38,,30.260299,-97.823976,190
21/04/2015,22:43:51,,30.260334,-97.824003,191.4
21/04/2015,22:44:11,,30.260356,-97.823999,191.4
21/04/2015,22:44:47,,30.26039,-97.82401,191.9
21/04/2015,22:48:01,,30.260402,-97.824066,191.9
21/04/2015,22:48:13,,30.260361,-97.824036,191
21/04/2015,22:48:28,,30.260313,-97.824014,190
21/04/2015,22:48:45,,30.260274,-97.823994,190.5
21/04/2015,22:49:03,,30.260255,-97.824004,191
21/04/2015,22:49:32,,30.26023,-97.823985,191.4
21/04/2015,22:50:10,,30.260201,-97.824071,191.9
21/04/2015,22:50:26,,30.260187,-97.824047,192.4
21/04/2015,,160,30.260169,-97.824049,193.8
21/04/2015,,161,30.260171,-97.824075,193.8
21/04/2015,,161,30.260075,-97.824122,194.8
21/04/2015,,162,30.260162,-97.824098,196.7
21/04/2015,,163,30.260145,-97.824118,199.1
21/04/2015,,163,30.26014,-97.824126,199.6
21/04/2015,,164,30.260118,-97.824126,199.6
21/04/2015,,164,30.260103,-97.824145,200.1
21/04/2015,,164,30.260105,-97.82415,201.1
21/04/2015,,166,30.260103,-97.824172,202.5
21/04/2015,,163,30.260099,-97.8242,204.4
21/04/2015,,160,30.260098,-97.824248,206.3
21/04/2015,,162,30.260101,-97.824247,206.3
21/04/2015,,163,30.260126,-97.824259,205.9
21/04/2015,,161,30.260124,-97.82425,203
21/04/2015,,161,30.260124,-97.82425,208.3
21/04/2015,,165,30.260124,-97.82425,206.3
21/04/2015,,163,30.260124,-97.82425,203.5
21/04/2015,,161,30.260124,-97.82425,209.7
21/04/2015,,163,30.260124,-97.82425,205.4
21/04/2015,,159,30.260101,-97.824251,209.2
21/04/2015,,155,30.260094,-97.824247,204.9
21/04/2015,,155,30.260092,-97.824243,209.2
21/04/2015,,160,30.260092,-97.824243,205.9
21/04/2015,,162,30.260072,-97.824246,205.9
21/04/2015,,163,30.26007,-97.824245,206.8
21/04/2015,,163,30.260075,-97.824247,206.3
21/04/2015,,161,30.260077,-97.824252,207.3
21/04/2015,,161,30.260015,-97.824237,206.8
21/04/2015,,164,30.259941,-97.824212,204.4
21/04/2015,,166,30.259932,-97.82421,204.4
21/04/2015,,167,30.25991,-97.824263,205.9
21/04/2015,,167,30.259935,-97.824341,207.3
21/04/2015,,165,30.259944,-97.824384,206.8
21/04/2015,,165,30.259986,-97.824602,207.8
21/04/2015,,166,30.259976,-97.824639,207.8
21/04/2015,,164,30.259841,-97.82499,204.4
21/04/2015,,163,30.259733,-97.825296,204.4
21/04/2015,,165,30.259698,-97.825621,206.3
21/04/2015,,164,30.259849,-97.82577,208.7
21/04/2015,,162,30.259929,-97.825867,209.2
21/04/2015,,155,30.259947,-97.825892,209.2
21/04/2015,,155,30.259975,-97.826001,209.7
21/04/2015,,160,30.259952,-97.82611,209.2
21/04/2015,,161,30.259942,-97.826383,208.7
21/04/2015,,165,30.259961,-97.826497,208.3
21/04/2015,,168,30.260056,-97.8266,207.8
21/04/2015,,168,30.260167,-97.826688,207.8
21/04/2015,,170,30.260193,-97.826698,208.3
21/04/2015,,170,30.260241,-97.826803,206.3
21/04/2015,,171,30.260248,-97.826809,206.8
21/04/2015,,170,30.260321,-97.826938,204.4
21/04/2015,,170,30.260298,-97.8271,206.3
21/04/2015,,171,30.260317,-97.827157,206.8
21/04/2015,,164,30.260384,-97.827376,210.7
21/04/2015,,165,30.260435,-97.827472,211.6
,23:10:47,166,30.260415,-97.827658,211.1
,23:11:06,166,30.260411,-97.827692,210.2
,23:11:20,163,30.260391,-97.82779,207.3
,23:11:35,165,30.260336,-97.827799,208.3
,23:11:49,164,30.260306,-97.827756,207.8
,23:12:09,167,30.260282,-97.827739,207.8
,23:12:10,168,30.260277,-97.827729,207.8
,23:12:28,168,30.260177,-97.827582,209.2
,23:12:49,168,30.260056,-97.827467,210.7
,23:13:05,170,30.259942,-97.827318,210.2
,23:13:21,168,30.259679,-97.827196,209.7
,23:13:37,169,30.259591,-97.827198,210.2
,23:13:52,170,30.259351,-97.827322,211.1
,23:14:05,171,30.259274,-97.827353,211.1
,23:14:52,170,30.259176,-97.827358,212.1
,23:15:18,161,30.259103,-97.827433,212.1
,23:15:56,162,30.25908,-97.827467,212.1
,23:16:04,163,30.259094,-97.827426,211.6
,23:16:18,163,30.259158,-97.8273,210.2
,23:16:23,167,30.259126,-97.827291,209.7
,23:16:42,165,30.259004,-97.827377,209.2
,23:16:46,165,30.258987,-97.827402,209.2
,23:17:03,164,30.258925,-97.827535,210.2
,23:17:13,168,30.258884,-97.827622,209.2
,23:17:34,169,30.25889,-97.827878,211.1
,23:17:43,168,30.258859,-97.827973,209.7
,23:17:47,161,30.258854,-97.82802,210.2
,23:18:04,165,30.2589,-97.828115,213.1
,23:18:22,166,30.258939,-97.828216,214
,23:18:26,165,30.258928,-97.828246,213.1
,23:18:31,165,30.258886,-97.828316,212.1
,23:18:36,164,30.258828,-97.828381,211.1
,23:18:50,163,30.258783,-97.828456,210.2
,23:18:53,161,30.258775,-97.828485,209.7
,23:19:13,159,30.258741,-97.828625,208.7
,23:19:32,164,30.258632,-97.828524,209.2
,23:19:47,154,30.258571,-97.828435,210.2
,23:20:21,151,30.258561,-97.828429,209.7
,23:21:33,159,30.25854,-97.828402,209.7
,23:23:32,163,30.258534,-97.828323,211.1
,23:23:38,164,30.258526,-97.828284,211.1
,23:23:56,160,30.258562,-97.828084,211.1
,23:24:05,161,30.258594,-97.828032,209.2
,23:24:10,157,30.258624,-97.827947,209.2
,23:24:19,152,30.258657,-97.827826,207.3
,23:24:38,148,30.258663,-97.82764,207.8
,23:25:01,146,30.258657,-97.827442,208.3
,23:25:17,144,30.258655,-97.82733,208.7
,23:25:34,141,30.258667,-97.827161,209.7
,23:25:52,139,30.258688,-97.827076,210.7
,23:26:03,138,30.25877,-97.827003,209.2
21/04/2015,,142,30.258886,-97.826887,209.2
21/04/2015,,143,30.258795,-97.826851,210.2
21/04/2015,,143,30.258724,-97.826848,210.7
21/04/2015,,142,30.258629,-97.826809,212.1
21/04/2015,,141,30.258581,-97.826775,211.6
21/04/2015,,141,30.258396,-97.82667,212.1
21/04/2015,,137,30.258379,-97.826675,212.1
21/04/2015,,139,30.258267,-97.826788,213.1
21/04/2015,,137,30.258121,-97.827094,213.1
21/04/2015,,140,30.258091,-97.827137,213.6
21/04/2015,,141,30.257991,-97.827224,213.6
21/04/2015,,141,30.25783,-97.827431,214
21/04/2015,,140,30.257807,-97.827541,214.5
21/04/2015,,140,30.257798,-97.827686,214.5
21/04/2015,,136,30.257833,-97.827781,214
21/04/2015,,136,30.257613,-97.828014,213.6
21/04/2015,,137,30.257551,-97.828184,214
21/04/2015,,137,30.257446,-97.828339,213.1
21/04/2015,,138,30.25741,-97.828419,213.6
21/04/2015,,140,30.257331,-97.828507,213.1
21/04/2015,,139,30.257251,-97.828644,213.6
21/04/2015,,138,30.25724,-97.828626,214
21/04/2015,,139,30.257231,-97.828593,212.1
21/04/2015,,139,30.257251,-97.828545,211.6
21/04/2015,,142,30.25722,-97.828358,212.6
21/04/2015,,140,30.257163,-97.828272,213.6
21/04/2015,,138,30.257166,-97.828302,213.6
21/04/2015,,140,30.257079,-97.828591,214
21/04/2015,,137,30.257033,-97.828705,214.5
21/04/2015,,134,30.256993,-97.828849,216
21/04/2015,23:37:07,,30.256961,-97.828929,215.5
21/04/2015,23:37:23,,30.256902,-97.829305,216
21/04/2015,23:37:37,,30.256889,-97.82933,216.4
21/04/2015,23:37:47,,30.256884,-97.829346,216.9
21/04/2015,23:37:53,,30.256798,-97.829403,217.4
21/04/2015,23:37:56,,30.2568,-97.829449,216.9
21/04/2015,23:37:59,,30.256817,-97.829494,216.4
21/04/2015,23:38:07,,30.256857,-97.829529,216.9
21/04/2015,23:38:11,,30.256858,-97.829574,217.4
21/04/2015,23:38:18,,30.256882,-97.829712,217.9
21/04/2015,23:38:30,,30.256954,-97.829841,218.8
21/04/2015,23:39:00,,30.256964,-97.829895,218.8
21/04/2015,23:40:04,,30.256962,-97.829949,218.4
21/04/2015,23:40:13,,30.257047,-97.829988,218.4
#start,Walk with dog,,,,
10/07/2015,05:02:06,139,hello there,-97.82298329,169.3
10/07/2015,05:02:07,145,hello there,-97.82298329,222.2
10/07/2015,05:02:08,149,hello there,-97.82298329,222.2
10/07/2015,05:02:29,147,hello there,-97.82298329,222.7
#start,Hike in the mountains,,,,
09/07/2015,13:46:10,137,30.25024269,hello there,151.9
09/07/2015,13:46:22,136,30.25023918,hello there,152
09/07/2015,13:46:29,137,30.25023851,hello there,152
09/07/2015,13:46:46,138,30.25025192,hello there,154.4
09/07/2015,13:47:05,135,30.25032518,hello there,157.3
09/07/2015,13:47:10,137,30.25065224,hello there,158.8
09/07/2015,13:47:26,135,30.25068149,hello there,158.8
09/07/2015,13:48:05,135,30.25069205,hello there,159.2
09/07/2015,13:48:26,138,30.25065895,hello there,161.6
09/07/2015,13:48:44,137,30.25048108,hello there,164
09/07/2015,13:49:02,136,30.25032878,hello there,167.9
09/07/2015,13:50:02,133,30.2501479,hello there,168.8
09/07/2015,13:50:35,131,30.25013307,hello there,168.4
09/07/2015,13:50:57,132,30.25008747,hello there,168.8
09/07/2015,13:51:12,133,30.24989435,hello there,171.7
09/07/2015,13:51:29,138,30.24979268,hello there,173.7
09/07/2015,13:51:44,137,30.24968614,hello there,175.6
09/07/2015,13:51:48,134,30.24958296,hello there,178.5
09/07/2015,13:52:06,135,30.24955237,hello there,178.9
09/07/2015,13:52:21,135,30.24941138,hello there,180.4
09/07/2015,13:52:42,135,30.24933796,hello there,180.9
09/07/2015,13:52:58,138,30.2492357,hello there,181.8
09/07/2015,13:53:21,139,30.2491616,hello there,183.3
09/07/2015,13:53:27,142,30.24900545,hello there,185.2
09/07/2015,13:53:40,140,30.24896966,hello there,185.2
09/07/2015,13:53:56,142,30.24886564,hello there,186.6
09/07/2015,13:54:18,137,30.24884963,hello there,187.1
09/07/2015,13:54:37,137,30.24876656,hello there,189
09/07/2015,13:54:53,137,30.24866883,hello there,190.5
09/07/2015,13:55:10,138,30.2485162,hello there,190.5
09/07/2015,13:55:28,141,30.24840212,hello there,192.4
09/07/2015,13:55:46,136,30.24839323,hello there,195.3
09/07/2015,13:55:46,136,30.24814907,hello there,197.2
#start,Run in the city,,,,
09/07/2015,13:57:51,140,30.24913327,-97.82023906,hello there
09/07/2015,13:58:07,140,30.24912858,-97.82021148,hello there
09/07/2015,13:58:20,139,30.24918893,-97.82028189,hello there
09/07/2015,13:58:36,142,30.24925263,-97.82029614,hello there
09/07/2015,13:58:55,140,30.24929379,-97.82031097,hello there
#start,Walk in the mountains,,,,
999999999999,22:11:18,141,30.249804,-97.82053,199.6
999999999999,22:22:10,141,30.2487,-97.820208,208.3
999999999999,22:30:38,138,30.248519,-97.819302,221.2
999999999999,22:31:11,139,30.248078,-97.818726,222.7
999999999999,22:33:40,138,30.247373,-97.817461,218.8
999999999999,22:34:17,141,30.246768,-97.817091,220.3
999999999999,22:34:48,141,30.246259,-97.817606,218.8
999999999999,22:36:48,135,30.246036,-97.818323,219.3
#start,Walk in the city,,,,
17/04/2015,12:38:16,134,30.251293,-8000000,180.9
17/04/2015,12:48:09,137,30.2521,-7999999,168.8
17/04/2015,13:00:49,138,30.248461,-7999998,162.6
17/04/2015,13:10:21,139,30.245892,-7999997,160.7
17/04/2015,13:12:55,137,30.243167,-7999996,160.7
17/04/2015,13:21:09,135,30.240497,-7999995,160.7
17/04/2015,13:28:20,134,30.238088,-7999994,169.8
17/04/2015,13:47:05,133,30.23684,-7999993,178.9
#start,Hiking with friends,,,,
19/06/2015,13:33:41,,30.255588,-97.838679,228.9
19/06/2015,13:33:56,,30.25601,-97.83843,228.9
19/06/2015,13:34:07,,30.256348,-97.838314,228.9
19/06/2015,13:34:18,,30.25662,-97.838207,228.9
19/06/2015,13:34:28,,30.25683,-97.838044,228.9
19/06/2015,13:34:33,,30.256924,-97.838002,228.4
19/06/2015,13:34:37,,30.256975,-97.83791,228.9
19/06/2015,13:34:47,,30.257166,-97.837743,228.4
19/06/2015,13:34:56,,30.257361,-97.837478,228.4
19/06/2015,13:34:58,,30.257383,-97.837419,228.4
19/06/2015,13:35:04,,30.257501,-97.837537,228
19/06/2015,13:35:06,,30.257566,-97.837617,228
19/06/2015,13:35:21,,30.257885,-97.838121,229.9
19/06/2015,13:35:35,,30.258066,-97.838447,230.9
19/06/2015,13:35:51,,30.258273,-97.838738,231.8
19/06/2015,13:36:20,,30.258305,-97.838785,231.8
19/06/2015,13:36:25,,30.258299,-97.838858,232.3
19/06/2015,13:36:28,,30.258323,-97.838921,232.8
19/06/2015,13:36:47,,30.258579,-97.839335,234.7
19/06/2015,13:37:02,,30.258748,-97.839689,235.2
19/06/2015,13:37:12,,30.258903,-97.839968,237.1
19/06/2015,13:37:23,,30.258905,-97.839997,236.6
19/06/2015,13:37:40,,30.258942,-97.83998,237.1
19/06/2015,13:37:48,,30.258956,-97.83987,234.7
19/06/2015,13:38:04,,30.258946,-97.839595,234.2
19/06/2015,13:38:18,,30.258877,-97.839417,233.3
19/06/2015,13:38:39,,30.258863,-97.839446,234.2
19/06/2015,13:38:42,,30.258843,-97.839453,233.7
19/06/2015,13:39:01,,30.258722,-97.839359,234.2
19/06/2015,13:39:04,,30.258706,-97.839326,233.7
19/06/2015,13:39:20,,30.258607,-97.839033,233.3
19/06/2015,13:39:25,,30.258589,-97.838964,232.8
19/06/2015,13:39:32,,30.258692,-97.838902,232.3
19/06/2015,13:39:37,,30.258767,-97.838932,230.9
19/06/2015,13:39:41,,30.258816,-97.838999,228.4
19/06/2015,13:39:50,,30.259101,-97.839058,225.6
19/06/2015,13:40:04,,30.259548,-97.839101,228.9
19/06/2015,13:40:13,,30.259786,-97.839125,231.8
19/06/2015,13:40:26,,30.260123,-97.839165,235.2
19/06/2015,13:40:39,,30.260344,-97.83911,236.6
19/06/2015,13:40:55,,30.260568,-97.83903,236.6
19/06/2015,13:42:00,,30.260636,-97.83902,236.6
19/06/2015,13:43:26,,30.260656,-97.839009,237.1
19/06/2015,13:45:49,,30.260669,-97.839016,237.1
19/06/2015,13:46:05,,30.260675,-97.838967,237.6
19/06/2015,13:46:09,,30.260664,-97.838919,236.6
19/06/2015,13:46:22,,30.260423,-97.838799,235.7
19/06/2015,13:46:30,,30.260437,-97.838692,234.2
19/06/2015,13:46:40,,30.26061,-97.83862,235.2
19/06/2015,13:46:42,,30.260647,-97.838601,235.7
19/06/2015,13:46:55,,30.260845,-97.838479,236.1
19/06/2015,13:47:09,,30.261069,-97.838414,235.7
19/06/2015,13:47:18,,30.260997,-97.83828,234.2
19/06/2015,13:47:26,,30.260923,-97.838164,233.3
19/06/2015,13:47:34,,30.261049,-97.837994,232.3
19/06/2015,13:47:37,,30.261144,-97.837947,231.8
19/06/2015,13:47:41,,30.261244,-97.837872,232.8
19/06/2015,13:47:46,,30.261316,-97.837775,232.8
19/06/2015,13:48:01,,30.261598,-97.8377,232.3
19/06/2015,13:48:16,,30.261876,-97.837679,232.8
19/06/2015,13:48:44,,30.261898,-97.837657,232.3
19/06/2015,13:48:49,,30.261901,-97.837656,233.7
19/06/2015,13:50:04,,30.261906,-97.837645,233.3
19/06/2015,13:50:20,,30.261925,-97.837647,232.8
19/06/2015,13:50:26,,30.262015,-97.837659,229.4
19/06/2015,13:50:32,,30.26211,-97.837612,226
19/06/2015,13:50:35,,30.26215,-97.837559,225.6
19/06/2015,13:50:40,,30.262109,-97.837396,223.6
19/06/2015,13:50:51,,30.262047,-97.836981,222.2
19/06/2015,13:51:01,,30.262051,-97.836642,223.6
19/06/2015,13:51:03,,30.262082,-97.836593,224.6
19/06/2015,13:51:13,,30.262068,-97.836271,222.7
19/06/2015,13:51:20,,30.262126,-97.836012,221.7
19/06/2015,13:51:22,,30.26211,-97.83595,222.2
19/06/2015,13:51:28,,30.262246,-97.83591,222.7
19/06/2015,13:51:35,,30.262341,-97.835736,220.3
19/06/2015,13:51:51,,30.262688,-97.835534,221.7
19/06/2015,13:51:53,,30.262744,-97.83551,222.2
19/06/2015,13:51:58,,30.262828,-97.835413,224.1
19/06/2015,13:52:14,,30.262974,-97.834984,223.2
19/06/2015,13:52:24,,30.263041,-97.83468,223.2
19/06/2015,13:52:29,,30.263144,-97.834628,226
19/06/2015,13:52:50,,30.263254,-97.834584,227
19/06/2015,13:53:02,,30.263368,-97.834609,228.4
19/06/2015,13:53:18,,30.263451,-97.834671,229.9
19/06/2015,13:53:33,,30.263515,-97.834718,230.9
19/06/2015,13:53:39,,30.263606,-97.834709,231.3
19/06/2015,13:53:47,,30.26365,-97.834717,232.3
19/06/2015,13:53:55,,30.263755,-97.834815,233.3
19/06/2015,13:54:04,,30.263819,-97.834639,233.3
19/06/2015,13:54:10,,30.263918,-97.834521,232.3
19/06/2015,13:54:14,,30.264008,-97.834498,233.7
19/06/2015,13:54:22,,30.264083,-97.834639,235.2
19/06/2015,13:54:25,,30.264133,-97.834668,235.7
19/06/2015,13:54:30,,30.264196,-97.834712,236.1
19/06/2015,13:54:45,,30.264475,-97.834645,236.6
19/06/2015,13:54:55,,30.26466,-97.834596,236.6
19/06/2015,13:55:02,,30.264663,-97.834609,236.6
19/06/2015,13:55:07,,30.264684,-97.834554,237.1
19/06/2015,13:55:23,,30.264727,-97.834516,236.1
19/06/2015,13:56:24,,30.264686,-97.834581,209.7
19/06/2015,13:56:25,,30.264688,-97.834578,209.7
19/06/2015,13:56:29,,30.264721,-97.83455,212.6
19/06/2015,13:56:33,,30.264729,-97.83455,216.4
19/06/2015,13:56:35,,30.264724,-97.834549,217.4
19/06/2015,13:56:37,,30.264719,-97.834549,218.8
19/06/2015,13:56:41,,30.264709,-97.834547,220.8
19/06/2015,13:56:52,,30.264698,-97.834545,224.1
19/06/2015,13:56:54,,30.264697,-97.834545,225.1
19/06/2015,13:57:05,,30.264696,-97.834544,228.4
19/06/2015,13:57:15,,30.264698,-97.834544,231.8
19/06/2015,13:57:30,,30.264725,-97.834536,235.2
19/06/2015,13:57:33,,30.264728,-97.834537,231.3
19/06/2015,13:57:34,,30.264729,-97.834537,235.2
19/06/2015,13:57:44,,30.264742,-97.834523,233.7
19/06/2015,13:57:50,,30.264794,-97.834474,239
19/06/2015,13:58:42,,30.264779,-97.834467,242.4
19/06/2015,13:58:51,,30.264855,-97.834421,242.4
19/06/2015,13:58:55,,30.264953,-97.834433,242.9
19/06/2015,13:59:06,,30.265217,-97.834501,242.9
19/06/2015,13:59:11,,30.265284,-97.834627,242.4
19/06/2015,13:59:31,,30.265579,-97.83509,242.4
19/06/2015,13:59:46,,30.265885,-97.835419,242.9
19/06/2015,13:59:59,,30.266249,-97.835552,242.9
19/06/2015,14:00:04,,30.266383,-97.835513,239.5
19/06/2015,14:00:05,,30.266411,-97.835501,239.5
19/06/2015,14:00:11,,30.266563,-97.83541,237.1
19/06/2015,14:00:14,,30.266632,-97.835361,233.7
19/06/2015,14:00:15,,30.266658,-97.835343,233.7
19/06/2015,14:00:27,,30.266915,-97.835399,229.9
19/06/2015,14:00:28,,30.266928,-97.835419,229.4
19/06/2015,14:00:30,,30.266918,-97.835472,228
19/06/2015,14:00:37,,30.26684,-97.835571,228.4
19/06/2015,14:01:08,,30.266789,-97.835676,227.5
19/06/2015,14:01:09,,30.26679,-97.835685,227
19/06/2015,14:01:15,,30.266797,-97.835745,228.9
19/06/2015,14:01:39,,30.26686,-97.835791,230.4
19/06/2015,14:02:09,,30.266908,-97.835792,230.9
19/06/2015,14:02:23,,30.266966,-97.835818,232.3
19/06/2015,14:02:39,,30.267019,-97.835846,234.2
19/06/2015,14:02:51,,30.267058,-97.835893,236.6
19/06/2015,14:03:04,,30.267132,-97.835938,238.1
19/06/2015,14:03:11,,30.267175,-97.83594,238.5
19/06/2015,14:03:25,,30.267317,-97.835997,239
19/06/2015,14:03:35,,30.26725,-97.836024,240.9
19/06/2015,14:03:49,,30.267176,-97.836111,242.9
19/06/2015,14:03:50,,30.267178,-97.836119,242.4
19/06/2015,14:04:06,,30.267242,-97.836159,242.9
19/06/2015,14:04:25,,30.267443,-97.836367,244.3
19/06/2015,14:04:38,,30.267456,-97.83652,245.8
19/06/2015,14:04:48,,30.267486,-97.836575,246.2
19/06/2015,14:04:57,,30.267518,-97.8367,246.2
19/06/2015,14:05:05,,30.267564,-97.836859,246.7
19/06/2015,14:05:11,,30.267479,-97.83696,247.2
19/06/2015,14:05:20,,30.26755,-97.837144,246.7
19/06/2015,14:05:33,,30.267597,-97.837196,246.7
19/06/2015,14:06:11,,30.267627,-97.837251,246.7
19/06/2015,14:06:28,,30.26762,-97.837262,246.7
19/06/2015,14:06:43,,30.26761,-97.837238,247.2
19/06/2015,14:06:54,,30.267614,-97.837239,247.2
19/06/2015,14:07:03,,30.267729,-97.837149,245.3
19/06/2015,14:07:15,,30.267828,-97.83701,242.9
19/06/2015,14:07:59,,30.267868,-97.836962,242.9
19/06/2015,14:08:39,,30.267924,-97.836775,241.4
19/06/2015,14:08:40,,30.267934,-97.83675,240.9
19/06/2015,14:08:48,,30.268053,-97.836549,240
19/06/2015,14:08:52,,30.268141,-97.836595,239.5
19/06/2015,14:08:57,,30.268247,-97.836693,237.6
19/06/2015,14:09:04,,30.26841,-97.836805,236.1
19/06/2015,14:09:12,,30.26855,-97.836864,233.7
19/06/2015,14:09:15,,30.26857,-97.836959,231.8
19/06/2015,14:09:23,,30.268777,-97.836916,229.4
19/06/2015,14:09:32,,30.268924,-97.836885,228
19/06/2015,14:09:48,,30.268698,-97.837085,227.5
19/06/2015,14:09:50,,30.268664,-97.837111,227
19/06/2015,14:09:53,,30.268633,-97.837152,228
19/06/2015,14:09:55,,30.268631,-97.837182,228.4
19/06/2015,14:10:11,,30.268695,-97.837563,228.9
19/06/2015,14:10:24,,30.268524,-97.837988,229.4
19/06/2015,14:10:25,,30.268515,-97.838019,229.4
19/06/2015,14:10:37,,30.268656,-97.838363,227.5
19/06/2015,14:10:43,,30.268689,-97.838501,225.6
19/06/2015,14:10:45,,30.268701,-97.838558,224.1
19/06/2015,14:10:47,,30.268748,-97.838595,223.2
19/06/2015,14:10:54,,30.268693,-97.838786,222.7
19/06/2015,14:10:58,,30.268699,-97.838866,223.6
19/06/2015,14:11:00,,30.268704,-97.838911,224.1
19/06/2015,14:11:17,,30.268884,-97.839403,223.2
19/06/2015,14:11:30,,30.268863,-97.839758,223.6
19/06/2015,14:11:39,,30.268819,-97.84003,222.2
19/06/2015,14:11:42,,30.268801,-97.840142,222.2
19/06/2015,14:11:45,,30.268814,-97.840248,220.3
19/06/2015,14:11:48,,30.268851,-97.840343,218.4
19/06/2015,14:11:49,,30.268858,-97.840366,218.4
19/06/2015,14:11:56,,30.268941,-97.840501,216
19/06/2015,14:11:57,,30.268941,-97.840515,216
19/06/2015,14:12:03,,30.268873,-97.840596,216.4
19/06/2015,14:12:18,,30.268768,-97.840728,218.8
19/06/2015,14:21:35,,30.268663,-97.840812,218.8
19/06/2015,14:21:56,,30.268972,-97.840739,220.8
19/06/2015,14:22:06,,30.269199,-97.840615,218.4
19/06/2015,14:22:21,,30.269667,-97.8403,215
19/06/2015,14:22:38,,30.270014,-97.839985,215
19/06/2015,14:22:51,,30.270105,-97.839765,216.4
19/06/2015,14:23:07,,30.270148,-97.839702,216.9
19/06/2015,14:23:24,,30.27021,-97.83968,217.9
19/06/2015,14:23:40,,30.270301,-97.839624,219.3
19/06/2015,14:23:55,,30.270369,-97.839569,219.8
19/06/2015,14:24:08,,30.270433,-97.839484,221.2
19/06/2015,14:24:25,,30.270565,-97.83939,222.2
19/06/2015,14:24:46,,30.270874,-97.839222,223.6
19/06/2015,14:24:47,,30.270886,-97.839215,223.6
19/06/2015,14:24:51,,30.270924,-97.839207,224.1
19/06/2015,14:25:09,,30.271094,-97.8389,223.6
19/06/2015,14:25:13,,30.271153,-97.838843,224.1
19/06/2015,14:25:29,,30.271418,-97.83874,225.1
19/06/2015,14:25:43,,30.271558,-97.838663,225.1
19/06/2015,14:26:33,,30.271578,-97.838646,224.6
19/06/2015,14:26:37,,30.271648,-97.838625,224.6
19/06/2015,14:26:53,,30.272055,-97.83862,224.6
19/06/2015,14:27:05,,30.272439,-97.838482,222.2
19/06/2015,14:27:10,,30.272633,-97.838291,221.7
19/06/2015,14:27:19,,30.272871,-97.83795,219.3
19/06/2015,14:27:32,,30.273088,-97.837436,216.4
19/06/2015,14:27:39,,30.273274,-97.83723,213.6
19/06/2015,14:27:43,,30.273329,-97.837082,209.7
19/06/2015,14:27:45,,30.273355,-97.837,208.7
19/06/2015,14:27:48,,30.273397,-97.836865,205.9
19/06/2015,14:27:51,,30.273409,-97.836724,204.9
19/06/2015,14:27:54,,30.273377,-97.836553,203
19/06/2015,14:27:57,,30.273392,-97.836389,202
19/06/2015,14:28:03,,30.273432,-97.836078,196.7
19/06/2015,14:28:05,,30.273439,-97.83597,193.4
19/06/2015,14:28:07,,30.273439,-97.835858,190
19/06/2015,14:28:10,,30.273446,-97.835669,187.1
19/06/2015,14:28:18,,30.273424,-97.835414,188.6
19/06/2015,14:30:06,,30.273319,-97.835322,189.5
19/06/2015,14:30:19,,30.273433,-97.835302,188.6
19/06/2015,14:30:37,,30.273435,-97.835292,188.1
19/06/2015,14:33:28,,30.273525,-97.835273,184.2
19/06/2015,14:33:29,,30.273525,-97.835273,190.5
19/06/2015,14:33:46,,30.273579,-97.835254,188.1
19/06/2015,14:34:06,,30.273603,-97.835215,188.1
19/06/2015,14:34:33,,30.273602,-97.835198,187.6
19/06/2015,14:34:48,,30.273497,-97.835237,188.1
19/06/2015,14:35:13,,30.273475,-97.835242,187.1
19/06/2015,14:38:58,,30.273485,-97.835291,186.6
19/06/2015,14:42:23,,30.27349,-97.835266,186.2
19/06/2015,14:42:31,,30.273651,-97.835151,184.7
19/06/2015,14:42:38,,30.273864,-97.835269,183.7
19/06/2015,14:42:50,,30.273943,-97.835545,185.2
19/06/2015,14:43:38,,30.273892,-97.835456,184.2
19/06/2015,14:43:45,,30.273903,-97.835419,184.7
19/06/2015,14:43:49,,30.273912,-97.835358,184.2
19/06/2015,14:44:00,,30.273927,-97.835365,184.7
19/06/2015,14:44:15,,30.273916,-97.835794,184.2
19/06/2015,14:44:34,,30.274109,-97.836454,183.3
19/06/2015,14:44:51,,30.274267,-97.83722,184.2
19/06/2015,14:44:55,,30.274298,-97.837412,183.7
19/06/2015,14:45:00,,30.274495,-97.837489,181.3
19/06/2015,14:45:04,,30.274669,-97.837618,181.3
19/06/2015,14:45:16,,30.274643,-97.838273,182.3
19/06/2015,14:45:21,,30.274609,-97.838543,181.3
19/06/2015,14:45:23,,30.274603,-97.838654,181.3
19/06/2015,14:45:28,,30.274545,-97.838916,182.3
19/06/2015,14:45:32,,30.274547,-97.839114,180.9
19/06/2015,14:45:36,,30.274548,-97.839338,181.3
19/06/2015,14:45:38,,30.274541,-97.839456,180.9
19/06/2015,14:45:44,,30.274403,-97.839752,180.9
19/06/2015,14:45:46,,30.274366,-97.839844,180.9
19/06/2015,14:45:51,,30.274361,-97.840043,180.9
19/06/2015,14:45:57,,30.274255,-97.840227,180.9
19/06/2015,14:46:02,,30.274241,-97.840317,181.8
19/06/2015,14:46:07,,30.274168,-97.840396,179.9
19/06/2015,14:46:17,,30.274102,-97.840701,180.4
19/06/2015,14:46:30,,30.273882,-97.841195,178.5
19/06/2015,14:46:45,,30.273598,-97.841814,179.4
19/06/2015,14:47:00,,30.273419,-97.842151,180.9
19/06/2015,14:47:12,,30.273382,-97.842198,181.3
19/06/2015,14:47:26,,30.273365,-97.842209,182.3
19/06/2015,14:47:45,,30.273328,-97.842299,182.8
19/06/2015,14:48:03,,30.273284,-97.842457,182.3
19/06/2015,14:48:17,,30.273275,-97.842522,180.9
19/06/2015,14:48:22,,30.273274,-97.842524,181.3
19/06/2015,14:48:44,,30.273187,-97.842615,182.8
19/06/2015,14:49:00,,30.273146,-97.842648,185.2
19/06/2015,14:49:15,,30.273113,-97.842724,185.7
19/06/2015,14:49:37,,30.273097,-97.842757,185.7
19/06/2015,14:49:54,,30.273096,-97.842778,185.2
19/06/2015,14:50:52,,30.273077,-97.842851,184.2
19/06/2015,14:51:06,,30.273076,-97.842897,182.8
19/06/2015,14:51:22,,30.273074,-97.842944,181.3
19/06/2015,14:51:32,,30.273049,-97.843003,181.8
19/06/2015,14:51:44,,30.273023,-97.843094,179.9
19/06/2015,14:51:57,,30.272994,-97.843162,181.3
19/06/2015,14:52:20,,30.272979,-97.843206,180.9
19/06/2015,14:52:35,,30.272964,-97.843332,180.9
19/06/2015,14:52:51,,30.272955,-97.843375,180.9
19/06/2015,14:53:24,,30.272969,-97.843499,180.4
19/06/2015,14:53:38,,30.272964,-97.843534,181.8
19/06/2015,14:53:55,,30.272995,-97.843568,181.8
19/06/2015,14:54:12,,30.273052,-97.843732,181.3
19/06/2015,14:54:23,,30.273096,-97.843822,181.8
19/06/2015,14:54:37,,30.273142,-97.843896,181.8
19/06/2015,14:54:57,,30.2732,-97.843984,182.8
19/06/2015,14:55:11,,30.273216,-97.844073,183.7
19/06/2015,14:55:30,,30.27336,-97.844423,186.2
19/06/2015,14:55:41,,30.273413,-97.844587,185.2
19/06/2015,14:55:47,,30.273465,-97.84467,183.7
19/06/2015,14:55:51,,30.273473,-97.844729,181.3
19/06/2015,14:56:06,,30.273414,-97.844844,183.7
19/06/2015,14:56:20,,30.273414,-97.844987,185.2
19/06/2015,14:56:31,,30.273419,-97.845007,185.2
19/06/2015,14:57:33,,30.27341,-97.845028,185.7
19/06/2015,14:57:41,,30.273438,-97.84506,186.2
19/06/2015,14:57:49,,30.273422,-97.845179,185.7
19/06/2015,14:58:02,,30.273481,-97.845197,186.6
19/06/2015,14:58:05,,30.27349,-97.845194,187.1
#start,Some outdoor exercise,,,,
22/05/2015,,89,30.271587,-97.838569,226.5
22/05/2015,,107,30.271579,-97.838549,226
22/05/2015,,120,30.271577,-97.838548,225.6
22/05/2015,,119,30.271363,-97.838362,225.6
22/05/2015,,121,30.271308,-97.838164,225.1
22/05/2015,,133,30.271289,-97.838055,224.1
22/05/2015,,134,30.270979,-97.837622,224.1
22/05/2015,,139,30.27107,-97.837013,222.7
22/05/2015,,140,30.27115,-97.836338,222.2
22/05/2015,,140,30.271157,-97.836303,221.7
22/05/2015,,142,30.271268,-97.836241,221.2
22/05/2015,,141,30.27135,-97.836189,221.2
22/05/2015,,141,30.27167,-97.835797,218.4
22/05/2015,,145,30.271722,-97.835714,219.3
22/05/2015,,148,30.271674,-97.835422,219.3
22/05/2015,,143,30.271446,-97.835012,220.3
22/05/2015,,142,30.271432,-97.83498,220.3
22/05/2015,,139,30.271089,-97.834724,218.8
22/05/2015,,136,30.271086,-97.834723,218.8
22/05/2015,,142,30.271071,-97.834711,218.4
22/05/2015,,148,30.270842,-97.83459,217.4
22/05/2015,,151,30.270729,-97.834566,216.4
22/05/2015,,152,30.270686,-97.8345,216
22/05/2015,,154,30.270808,-97.834216,216.4
22/05/2015,,150,30.270982,-97.834241,215.5
22/05/2015,,149,30.271275,-97.834339,216.9
22/05/2015,,146,30.271269,-97.834381,216.9
22/05/2015,,150,30.271239,-97.834475,217.4
22/05/2015,,155,30.271169,-97.834512,217.4
22/05/2015,,154,30.271131,-97.834615,217.9
22/05/2015,,154,30.271133,-97.834674,218.8
22/05/2015,,156,30.271125,-97.834675,217.4
22/05/2015,,157,30.271118,-97.834673,216.9
22/05/2015,,157,30.271118,-97.834716,216.9
22/05/2015,,156,30.27106,-97.834754,216.4
22/05/2015,,154,30.271012,-97.834812,216
22/05/2015,,151,30.271032,-97.834895,217.4
22/05/2015,,146,30.27106,-97.834937,218.8
22/05/2015,,139,30.27115,-97.835057,217.9
22/05/2015,,141,30.271241,-97.835375,219.3
22/05/2015,,149,30.271319,-97.835645,219.8
22/05/2015,,154,30.271313,-97.835668,219.8
22/05/2015,,149,30.27106,-97.835898,220.3
22/05/2015,,146,30.270922,-97.836156,218.8
22/05/2015,,142,30.270913,-97.836142,218.4
22/05/2015,,138,30.270972,-97.835826,219.3
22/05/2015,,139,30.270937,-97.835724,217.4
22/05/2015,,139,30.27079,-97.835539,215
22/05/2015,,139,30.27073,-97.835344,214.5
22/05/2015,,135,30.270736,-97.835282,213.6
22/05/2015,,132,30.270672,-97.835211,211.6
22/05/2015,,128,30.270655,-97.835108,208.7
22/05/2015,,129,30.270582,-97.834965,208.3
22/05/2015,,129,30.270526,-97.834917,204.9
22/05/2015,,140,30.270327,-97.834761,202.5
22/05/2015,,140,30.270226,-97.834665,202.5
22/05/2015,,140,30.270146,-97.834401,203
22/05/2015,,140,30.270188,-97.834199,203.9
22/05/2015,,142,30.270198,-97.834107,203.9
22/05/2015,,141,30.270129,-97.833864,204.4
22/05/2015,,146,30.270157,-97.833722,202
22/05/2015,,146,30.270369,-97.833446,202
22/05/2015,,148,30.270604,-97.833032,199.6
22/05/2015,,153,30.270668,-97.832964,198.2
22/05/2015,,154,30.270692,-97.832931,198.2
22/05/2015,,157,30.270682,-97.8329,198.2
22/05/2015,,156,30.270725,-97.832922,198.2
22/05/2015,,153,30.270928,-97.833132,197.7
22/05/2015,,149,30.271173,-97.833339,194.3
22/05/2015,,147,30.271337,-97.833494,194.3
22/05/2015,,143,30.271325,-97.833438,191
22/05/2015,,143,30.271295,-97.833357,189.5
22/05/2015,,145,30.27119,-97.833212,186.6
22/05/2015,,150,30.271064,-97.83304,184.2
22/05/2015,,154,30.270832,-97.832653,183.3
22/05/2015,,166,30.270827,-97.832654,182.8
22/05/2015,,160,30.27078,-97.832674,183.3
22/05/2015,,157,30.270706,-97.832581,181.3
22/05/2015,,152,30.270691,-97.832548,180.9
22/05/2015,,153,30.27063,-97.832482,178
22/05/2015,,154,30.270561,-97.832468,179.4
22/05/2015,,154,30.270344,-97.83249,182.3
22/05/2015,,157,30.270295,-97.832417,185.7
22/05/2015,,158,30.270332,-97.832384,183.7
22/05/2015,,160,30.270357,-97.832405,180.4
22/05/2015,,155,30.270365,-97.832411,179.9
22/05/2015,,157,30.270479,-97.83241,179.9
22/05/2015,,161,30.270636,-97.832412,181.8
22/05/2015,,161,30.270526,-97.832405,183.7
22/05/2015,,158,30.270513,-97.832405,182.8
22/05/2015,,159,30.27058,-97.832374,180.9
22/05/2015,,159,30.270551,-97.832384,181.8
22/05/2015,,157,30.270459,-97.832424,184.2
22/05/2015,,145,30.27028,-97.832272,190.5
22/05/2015,,136,30.270286,-97.832208,187.1
22/05/2015,,134,30.270285,-97.832187,186.2
22/05/2015,,137,30.270284,-97.832146,183.7
22/05/2015,,141,30.27006,-97.831746,184.7
22/05/2015,,135,30.269841,-97.831268,182.8
22/05/2015,,133,30.269825,-97.831229,181.3
22/05/2015,,131,30.26985,-97.83114,184.2
22/05/2015,,123,30.269867,-97.831135,188.6
22/05/2015,,126,30.269869,-97.831134,185.2
22/05/2015,,137,30.269924,-97.831081,185.7
22/05/2015,,146,30.269951,-97.831063,185.2
22/05/2015,,153,30.27004,-97.831143,188.6
22/05/2015,,155,30.270096,-97.831237,188.6
22/05/2015,,156,30.270188,-97.831343,189.5
22/05/2015,,158,30.270481,-97.831516,187.6
22/05/2015,,152,30.270566,-97.831639,187.6
22/05/2015,,142,30.27088,-97.831752,190
22/05/2015,,134,30.271079,-97.831913,186.2
22/05/2015,,127,30.2711,-97.831913,186.2
22/05/2015,,125,30.271165,-97.831868,185.7
22/05/2015,,125,30.271203,-97.831793,185.2
22/05/2015,,124,30.271253,-97.831735,185.2
22/05/2015,,124,30.271369,-97.831669,184.7
22/05/2015,,132,30.271432,-97.831618,185.7
22/05/2015,,149,30.271556,-97.83153,186.6
22/05/2015,,154,30.271639,-97.831541,186.6
22/05/2015,,159,30.271623,-97.831469,187.1
22/05/2015,,162,30.271652,-97.831485,186.6
22/05/2015,,163,30.271662,-97.831519,186.2
22/05/2015,,163,30.271628,-97.831472,186.2
22/05/2015,,165,30.27163,-97.831499,186.2
22/05/2015,,166,30.271632,-97.831521,185.7
22/05/2015,,166,30.2716,-97.831443,185.7
22/05/2015,,167,30.271594,-97.831436,185.2
22/05/2015,,166,30.271557,-97.831367,185.2
22/05/2015,,161,30.271573,-97.831342,185.2
22/05/2015,,153,30.271567,-97.83128,184.7
22/05/2015,,149,30.27148,-97.831208,185.2
22/05/2015,,144,30.271206,-97.830898,183.7
22/05/2015,,142,30.270911,-97.830311,183.7
22/05/2015,,138,30.270734,-97.829875,184.2
22/05/2015,,135,30.270764,-97.829486,186.2
22/05/2015,,137,30.270766,-97.829463,186.6
22/05/2015,,136,30.270811,-97.829258,188.6
22/05/2015,,138,30.270819,-97.829242,188.6
22/05/2015,,134,30.270763,-97.82895,188.6
22/05/2015,,131,30.270757,-97.828942,187.6
22/05/2015,,132,30.270702,-97.828903,187.1
22/05/2015,,131,30.270446,-97.828604,186.2
22/05/2015,,132,30.270372,-97.82789,185.7
22/05/2015,,132,30.270483,-97.82738,185.7
22/05/2015,,142,30.270498,-97.827,184.7
22/05/2015,,142,30.270457,-97.826643,183.7
22/05/2015,,138,30.270492,-97.826615,184.2
22/05/2015,,134,30.270557,-97.826353,184.7
22/05/2015,,130,30.270582,-97.82626,185.2
22/05/2015,,129,30.270525,-97.825677,184.2
22/05/2015,,132,30.269458,-97.824577,182.8
22/05/2015,,131,30.269156,-97.824195,182.3
22/05/2015,,134,30.265392,-97.822914,183.3
22/05/2015,,133,30.264702,-97.822804,183.3
22/05/2015,,138,30.263839,-97.822767,182.8
22/05/2015,,150,30.262948,-97.822944,182.8
22/05/2015,,151,30.2617,-97.823433,180.4
22/05/2015,,153,30.261713,-97.823403,180.9
22/05/2015,,152,30.261672,-97.823392,179.4
22/05/2015,,144,30.261675,-97.823405,178.9
22/05/2015,,136,30.261602,-97.823405,179.4
22/05/2015,,132,30.261292,-97.823255,180.4
22/05/2015,,131,30.260874,-97.823163,182.8
22/05/2015,,130,30.260646,-97.823241,181.3
22/05/2015,,132,30.260538,-97.823175,181.8
22/05/2015,,127,30.260247,-97.82308,181.3
22/05/2015,,151,30.259751,-97.82297,181.3
22/05/2015,,139,30.259329,-97.822814,181.8
22/05/2015,,145,30.259,-97.822674,181.8
22/05/2015,,141,30.258695,-97.822515,182.3
22/05/2015,,134,30.258186,-97.82227,179.4
22/05/2015,,134,30.257699,-97.821893,178.5
22/05/2015,,132,30.257231,-97.821669,178
22/05/2015,,132,30.256868,-97.8214,177.5
22/05/2015,,132,30.256457,-97.821116,175.6
22/05/2015,,131,30.255985,-97.820758,175.6
22/05/2015,,136,30.255944,-97.820708,176.1
22/05/2015,,136,30.255891,-97.820633,175.6
22/05/2015,,135,30.255878,-97.820698,175.6
22/05/2015,,133,30.255872,-97.820721,176.1
22/05/2015,,130,30.255883,-97.820711,175.6
22/05/2015,,129,30.255891,-97.820672,174.6
22/05/2015,,132,30.25586,-97.820617,174.6
22/05/2015,,129,30.25582,-97.820518,176.1
22/05/2015,,130,30.255709,-97.820232,177
22/05/2015,,127,30.255545,-97.819888,178
22/05/2015,,130,30.255372,-97.819565,177.5
22/05/2015,,132,30.25532,-97.819486,177
22/05/2015,,143,30.255051,-97.819215,174.1
22/05/2015,,143,30.255008,-97.819172,176.1
22/05/2015,,141,30.254784,-97.818826,176.5
22/05/2015,,138,30.254691,-97.818487,176.1
22/05/2015,,135,30.254479,-97.817855,175.6
22/05/2015,,136,30.254461,-97.817746,175.6
22/05/2015,,140,30.254008,-97.817112,175.6
22/05/2015,,136,30.253538,-97.816389,177.5
22/05/2015,,135,30.253541,-97.816368,175.6
22/05/2015,,138,30.253545,-97.816369,173.2
22/05/2015,,137,30.253539,-97.816365,171.7
22/05/2015,,142,30.253532,-97.816425,168.8
22/05/2015,,147,30.253532,-97.816468,166.9
22/05/2015,,150,30.253528,-97.816499,165
22/05/2015,,148,30.253527,-97.816499,164.5
22/05/2015,,147,30.253549,-97.816583,163.6
22/05/2015,,147,30.253547,-97.816573,162.6
22/05/2015,,145,30.253547,-97.816547,162.6
22/05/2015,,139,30.25347,-97.816469,161.2
22/05/2015,,140,30.253448,-97.816469,160.7
22/05/2015,,148,30.253385,-97.816481,160.2
22/05/2015,,149,30.253303,-97.816425,161.6
22/05/2015,,146,30.253246,-97.816256,160.7
22/05/2015,,145,30.253235,-97.816174,160.2
22/05/2015,,137,30.253251,-97.816094,160.2
22/05/2015,,132,30.25325,-97.816107,161.2
22/05/2015,,133,30.253275,-97.81612,161.6
22/05/2015,,134,30.25328,-97.816198,162.1
22/05/2015,,130,30.253283,-97.816284,161.2
22/05/2015,,129,30.253175,-97.81635,162.6
22/05/2015,,129,30.253108,-97.816346,162.6
22/05/2015,,128,30.25297,-97.816323,162.6
22/05/2015,,127,30.252963,-97.81639,162.6
22/05/2015,,128,30.252975,-97.816411,162.1
22/05/2015,,128,30.253149,-97.816805,159.7
22/05/2015,,129,30.253222,-97.816825,161.2
22/05/2015,,127,30.253566,-97.817297,161.6
22/05/2015,,129,30.254093,-97.818528,162.6
22/05/2015,,127,30.254086,-97.818553,163.1
22/05/2015,,126,30.254146,-97.818736,165
22/05/2015,,127,30.254102,-97.818714,165.5
22/05/2015,,127,30.253985,-97.818728,166.9
22/05/2015,,127,30.253884,-97.818734,167.4
22/05/2015,,123,30.253889,-97.818802,170.8
22/05/2015,,124,30.253912,-97.81898,174.1
22/05/2015,,128,30.25386,-97.819075,174.1
22/05/2015,,129,30.253797,-97.819133,176.1
22/05/2015,,128,30.253747,-97.819295,178.5
22/05/2015,,126,30.253738,-97.819333,178.5
22/05/2015,,126,30.253736,-97.819418,182.8
22/05/2015,,133,30.253732,-97.819452,184.2
22/05/2015,,146,30.25373,-97.819526,185.2
22/05/2015,,149,30.253788,-97.81961,186.6
22/05/2015,,153,30.253849,-97.819726,189
22/05/2015,,156,30.253905,-97.819782,190.5
22/05/2015,,158,30.253984,-97.81977,191.4
22/05/2015,,158,30.254071,-97.819836,191.9
22/05/2015,,155,30.25424,-97.819946,191.4
22/05/2015,,158,30.254285,-97.820005,191
22/05/2015,,158,30.254336,-97.820251,191
22/05/2015,,158,30.254335,-97.820494,191
22/05/2015,,160,30.254339,-97.820515,191
22/05/2015,,161,30.25437,-97.820902,191.4
22/05/2015,,161,30.254262,-97.82118,194.8
22/05/2015,,162,30.254118,-97.821243,198.2
22/05/2015,,163,30.254064,-97.821302,198.2
22/05/2015,,163,30.254058,-97.821328,198.2
22/05/2015,,164,30.253911,-97.821464,202
22/05/2015,,164,30.253786,-97.821604,202.5
22/05/2015,,164,30.253675,-97.821824,203.9
22/05/2015,,166,30.253575,-97.822018,203.9
22/05/2015,,163,30.253545,-97.822038,203.5
22/05/2015,,160,30.253532,-97.822077,203.5
22/05/2015,,162,30.253516,-97.822159,203.9
22/05/2015,,163,30.253331,-97.822306,204.4
22/05/2015,,161,30.253325,-97.822405,203.9
22/05/2015,,161,30.253368,-97.822484,204.4
22/05/2015,,165,30.25364,-97.82273,204.4
22/05/2015,,163,30.253878,-97.82298,206.8
22/05/2015,,161,30.254135,-97.823275,207.3
22/05/2015,,163,30.254097,-97.823591,207.3
22/05/2015,,159,30.253755,-97.8238,208.3
22/05/2015,,155,30.253484,-97.823993,208.3
22/05/2015,,155,30.253126,-97.824058,207.8
22/05/2015,,160,30.252776,-97.824046,207.3
22/05/2015,,162,30.252601,-97.824055,207.3
22/05/2015,,163,30.252425,-97.824137,207.3
22/05/2015,,163,30.252271,-97.824259,207.3
22/05/2015,,161,30.251792,-97.824102,206.8
22/05/2015,,161,30.251734,-97.824071,206.3
22/05/2015,,164,30.251569,-97.824215,205.9
22/05/2015,,166,30.251311,-97.824424,205.4
22/05/2015,,167,30.251249,-97.824465,205.4
22/05/2015,,167,30.251219,-97.824483,205.9
22/05/2015,,165,30.25118,-97.824478,206.3
22/05/2015,,165,30.251847,-97.824135,210.2
22/05/2015,,166,30.251847,-97.824135,212.1
22/05/2015,,164,30.251847,-97.824135,210.2
22/05/2015,,163,30.251847,-97.824135,212.1
22/05/2015,,165,30.251847,-97.824135,210.7
22/05/2015,,164,30.251847,-97.824135,208.7
22/05/2015,,162,30.251847,-97.824135,210.2
#start,Exercising with friends,,,,
,14:49:18,155,30.27140097,-97.83250907,181.8
,14:49:31,160,30.2713112,-97.83239139,181.8
,14:50:42,161,30.27114474,-97.83244051,182.3
,14:50:50,165,30.27101104,-97.83245644,180.9
,14:50:55,168,30.27094273,-97.83243976,180.4
,14:51:05,168,30.2707476,-97.83242081,175.1
,14:51:06,170,30.27072413,-97.8324178,176.1
,14:51:14,170,30.27057225,-97.83242224,179.4
,14:51:28,171,30.27046681,-97.83242693,181.8
,14:51:39,170,30.2703933,-97.83234043,185.2
,14:52:02,170,30.27033639,-97.83228427,184.7
,14:52:24,171,30.27031325,-97.83221805,184.2
,14:53:31,164,30.27023203,-97.83224328,187.1
,14:53:48,165,30.27020462,-97.83232752,190.5
,14:53:49,166,30.27020462,-97.83232752,190.5
,14:54:05,166,30.2701379,-97.8323582,192.4
,14:54:24,163,30.27010731,-97.8323701,193.4
,14:54:52,165,30.27005894,-97.83236641,193.8
,14:54:56,164,30.27002056,-97.83234286,194.8
,14:55:11,167,30.26992576,-97.83237086,195.8
,14:55:32,168,30.26986163,-97.83234806,195.8
,14:55:44,168,30.26978067,-97.83235091,197.7
,14:56:05,168,30.26976063,-97.83234077,198.2
,14:57:04,170,30.26965469,-97.83229332,197.7
,14:57:17,168,30.26960196,-97.83224236,197.7
,14:57:36,169,30.26953583,-97.83218763,197.7
,14:58:28,170,30.26955192,-97.83220087,171.7
,14:58:29,171,30.26955192,-97.83220087,195.8
,14:58:30,170,30.26955192,-97.83220087,195.8
,14:58:44,161,30.27005417,-97.83165999,195.3
,14:58:56,162,30.26985686,-97.83174766,192.4
,14:59:10,163,30.26958419,-97.83188026,192.4
,14:59:11,163,30.26956844,-97.83188253,192.4
,14:59:22,167,30.26941907,-97.83183827,192.9
,14:59:28,165,30.26936434,-97.83186166,193.8
,14:59:44,165,30.26923609,-97.83196081,194.8
,14:59:58,164,30.26916141,-97.83202753,197.7
,15:00:13,168,30.26910441,-97.83208805,198.7
,15:00:27,169,30.26903518,-97.83217078,201.1
,15:00:41,168,30.26896678,-97.83223406,202
,15:00:56,161,30.26892621,-97.83232601,203.9
,15:01:10,165,30.26886469,-97.83241805,204.9
,15:02:25,166,30.26883468,-97.83244839,204.4
,15:03:32,165,30.26881985,-97.83246599,204.4
,15:03:45,165,30.26868423,-97.83252265,202
,15:03:55,164,30.26863712,-97.83267747,201.5
,15:04:11,163,30.26867174,-97.83276405,203.9
,15:04:32,161,30.2686828,-97.83285927,205.9
,15:04:49,159,30.26869856,-97.83299833,207.8
,15:05:04,164,30.26870862,-97.83300688,206.8
,15:05:16,154,30.26865397,-97.83315892,206.8
,15:05:33,151,30.2685906,-97.83334509,208.3
,15:05:49,159,30.26861273,-97.83347811,210.7
,15:06:12,163,30.26860091,-97.83350292,210.7
,15:06:29,164,30.26856068,-97.83362336,210.2
,15:06:43,160,30.26854232,-97.8337268,212.1
,15:07:01,161,30.26853729,-97.83377977,213.6
,15:07:18,157,30.26851533,-97.83381162,213.1
,15:07:24,152,30.26845004,-97.83386367,208.7
,15:07:39,148,30.26831526,-97.83406467,209.2
,15:07:52,146,30.26822348,-97.83421504,208.7
,15:08:08,144,30.26821375,-97.83439023,210.2
,15:08:24,141,30.26818777,-97.83448695,211.6
,15:08:29,139,30.26816145,-97.83452677,211.1
,15:08:31,138,30.26814921,-97.83454672,210.2
,15:08:33,142,30.26814108,-97.83458334,210.2
,15:08:50,143,30.26809171,-97.83485165,209.7
,15:09:05,143,30.26801963,-97.83507042,209.7
,15:09:31,142,30.26788317,-97.83513395,208.7
,15:09:35,141,30.26786398,-97.83512943,208.3
,15:09:51,141,30.26774898,-97.83504267,209.7
,15:09:52,137,30.26775007,-97.83503203,210.2
,15:09:56,139,30.26773992,-97.83497704,211.1
,15:10:02,137,30.26774554,-97.83488166,210.2
,15:10:09,140,30.2677613,-97.83473439,208.3
,15:10:15,141,30.2677354,-97.83461696,208.7
,15:10:21,141,30.26770204,-97.83447572,207.3
,15:10:26,140,30.26761839,-97.83445552,208.7
,15:10:31,140,30.26754747,-97.83445485,209.7
,15:10:35,136,30.2674883,-97.83447597,211.6
,15:10:48,136,30.2674054,-97.83452258,213.6
,15:11:04,137,30.26729971,-97.83457605,215
,15:11:19,137,30.26722846,-97.83459064,215.5
,15:11:20,138,30.26721957,-97.83459298,215.5
,15:11:23,140,30.26719175,-97.83462022,216.4
,15:11:40,139,30.26708538,-97.83465392,216.4
,15:12:01,138,30.26699318,-97.83466155,216
,15:12:15,139,30.26686334,-97.83466381,215
,15:12:31,139,30.26671624,-97.83473539,215.5
02/01/2016,15:12:47,142,30.26664793,-97.83476657,-8000000
02/01/2016,15:12:50,140,30.26662438,-97.83477613,-8000000
02/01/2016,15:12:59,138,30.26654617,-97.83479884,-8000000
02/01/2016,15:13:14,140,30.26641173,-97.83481007,-8000000
02/01/2016,15:13:32,137,30.26630637,-97.8346333,-8000000
02/01/2016,15:13:36,134,30.26633713,-97.83462148,-8000000
02/01/2016,15:13:44,137,30.26641583,-97.83460748,-8000000
02/01/2016,15:13:57,138,30.26649865,-97.83455652,-8000000
02/01/2016,15:14:08,141,30.26651482,-97.8345437,-8000000
02/01/2016,15:14:29,137,30.26652245,-97.83453532,-8000000
02/01/2016,15:14:34,133,30.26652614,-97.83453339,-8000000
02/01/2016,15:14:49,134,30.26673527,-97.83438805,-8000000
